{
 "exp_yr": 4.0,
 "cal_yr_end": 2014.0,
 "real_interest_rt": 0.0024999999999999988,
 "cred_generated": 100.0,
 "c_invest_cost_p_paymt": 1409.681153207621,
 "c_invest_ann_cost": 16916.173838491453,
 "tot_invest_cost": 84580.86919245726,
 "num_inspect": 1.0,
 "recur_reg_cost": 2000.0,
 "reg_conv_cost_all_cred": 10.0,
 "reg_cost_cred_ovr_min_thresh": 0,
 "tot_reg_cost": 2010.0,
 "exp_fact_carg": 0.25,
 "tot_proj_cost_nodiscount": 86590.86919245726,
 "gen_cost_p_cred": 1612.9086919245726,
 "begin_val": 161290.86919245726,
 "end_val_nodiscount": 56100.0,
 "end_val_discount": 55542.48879514358,
 "tot_proj_cost_discount": 85730.34548812479,
 "rate_return": -65.56377365114912,
 "comp_ann_rate_growth": 220.7929442561111,
 "gross_pres_val": -105748.38039731368,
 "net_pres_val": -191478.72588543847
}
