{
 "exp_yr": 49,
 "cal_yr_end": 2072,
 "real_interest_rt": 0.0024999999999999988,
 "cred_generated": 1000,
 "c_invest_cost_p_paymt": 339.24166051591106,
 "c_invest_ann_cost": 4070.899926190933,
 "tot_invest_cost": 203544.99630954664,
 "num_inspect": 10.0,
 "recur_reg_cost": 14006000.0,
 "reg_conv_cost_all_cred": 100.0,
 "reg_cost_cred_ovr_min_thresh": 0,
 "tot_reg_cost": 14006100.0,
 "exp_fact_carg": 0.02040816326530612,
 "tot_proj_cost_nodiscount": 14209644.996309547,
 "gen_cost_p_cred": 14284.344996309546,
 "begin_val": 14284344.996309547,
 "end_val_nodiscount": 561000,
 "end_val_discount": 496395.8910468818,
 "tot_proj_cost_discount": 12573278.768989203,
 "rate_return": -96.52489567302436,
 "comp_ann_rate_growth": 2383.4480170027086,
 "gross_pres_val": -13787949.105262665,
 "net_pres_val": -26361227.87425187
}
