{
 "exp_yr": 49.0,
 "cal_yr_end": 2071.0,
 "real_interest_rt": 0.0024999999999999988,
 "cred_generated": 1800.0,
 "c_invest_cost_p_paymt": 653.9598275005515,
 "c_invest_ann_cost": 7847.5179300066175,
 "tot_invest_cost": 0,
 "num_inspect": 10.0,
 "recur_reg_cost": 191000.0,
 "reg_conv_cost_all_cred": 180.0,
 "reg_cost_cred_ovr_min_thresh": 0,
 "tot_reg_cost": 0,
 "exp_fact_carg": 0.02040816326530612,
 "tot_proj_cost_nodiscount": 0,
 "gen_cost_p_cred": 80.0,
 "begin_val": 144000.0,
 "end_val_nodiscount": 1009800.0,
 "end_val_discount": 893512.6038843872,
 "tot_proj_cost_discount": 0.0,
 "rate_return": 520.4948638086022,
 "comp_ann_rate_growth": 14.838494411024893,
 "gross_pres_val": 749512.6038843872,
 "net_pres_val": 749512.6038843872
}
