{
 "exp_yr": 49.0,
 "cal_yr_end": 2072.0,
 "real_interest_rt": 0.0024999999999999988,
 "cred_generated": 1000.0,
 "c_invest_cost_p_paymt": 339.24166051591106,
 "c_invest_ann_cost": 4070.899926190933,
 "tot_invest_cost": 203544.99630954664,
 "num_inspect": 10.0,
 "recur_reg_cost": 20000.0,
 "reg_conv_cost_all_cred": 100.0,
 "reg_cost_cred_ovr_min_thresh": 0,
 "tot_reg_cost": 20100.0,
 "exp_fact_carg": 0.02040816326530612,
 "tot_proj_cost_nodiscount": 223644.99630954664,
 "gen_cost_p_cred": 298.3449963095466,
 "begin_val": 298344.99630954664,
 "end_val_nodiscount": 561000.0,
 "end_val_discount": 496395.8910468818,
 "tot_proj_cost_discount": 197890.2980771016,
 "rate_return": 66.38317960320282,
 "comp_ann_rate_growth": 53.870712007840936,
 "gross_pres_val": 198050.89473733515,
 "net_pres_val": 160.5966602335684
}
