{
 "exponent_year": 4.0,
 "calendar_year_end": 2027.0,
 "real_interest_rate": 0.0024999999999999988,
 "credits_generated": 100.0,
 "cost_per_credit": 1612.9087019245728,
 "beginning_value": 161290.87019245728,
 "ending_value_undisc": 56100.0,
 "carbon_investment_cost_per_payment": 1409.681153207621,
 "carbon_investment_annual_costs": 16916.173838491453,
 "total_investment_costs": 84580.86919245726,
 "number_of_inspections": 1,
 "registry_cost_recurring": 2000,
 "registry_cost_per_credit": 10.0,
 "registry_cost_credits_above_threshold": 0.0,
 "total_registry_costs": 2010.001,
 "CARG_exponent": 0.25,
 "total_project_costs_undisc": 86590.87019245727,
 "ending_value_discounted": 55542.48879514358,
 "total_project_costs_disc": 85730.34647818698,
 "rate_of_return": -65.563773864653,
 "CARG": 220.79294528279485,
 "gross_present_value": -105748.3813973137,
 "net_present_value": -191478.72787550068,
 "profit_per_credit": -1914.7872787550068,
 "profit_per_hectare_per_year": -38295.74557510014,
 "profitable": "No"
}
