{
 "exponent_year": 49.0,
 "calendar_year_end": 2072.0,
 "real_interest_rate": 0.0024999999999999988,
 "credits_generated": 1000.0,
 "cost_per_credit": 1684.3449973095464,
 "beginning_value": 1684344.9973095465,
 "ending_value_undisc": 561000.0,
 "carbon_investment_cost_per_payment": 339.24166051591106,
 "carbon_investment_annual_costs": 4070.899926190933,
 "total_investment_costs": 203544.99630954664,
 "number_of_inspections": 10,
 "registry_cost_recurring": 1406000.0,
 "registry_cost_per_credit": 100.0,
 "registry_cost_credits_above_threshold": 0.0,
 "total_registry_costs": 1406100.001,
 "CARG_exponent": 0.02040816326530612,
 "total_project_costs_undisc": 1609644.9973095465,
 "ending_value_discounted": 496395.8910468818,
 "total_project_costs_disc": 1424280.1474307093,
 "rate_of_return": -70.5288470093841,
 "CARG": 293.5782930006959,
 "gross_present_value": -1187949.1062626648,
 "net_present_value": -2612229.253693374,
 "profit_per_credit": -2612.2292536933737,
 "profit_per_hectare_per_year": -52244.58507386748,
 "profitable": "No"
}
