{
 "exponent_year": 49,
 "calendar_year_end": 2072,
 "real_interest_rate": 0.0024999999999999988,
 "credits_generated": 1000.0,
 "cost_per_credit": 424.3449973095466,
 "beginning_value": 424344.9973095466,
 "ending_value_undisc": 561000.0,
 "carbon_investment_cost_per_payment": 339.24166051591106,
 "carbon_investment_annual_costs": 4070.899926190933,
 "total_investment_costs": 203544.99630954664,
 "number_of_inspections": 10,
 "registry_cost_recurring": 146000.0,
 "registry_cost_per_credit": 100.0,
 "registry_cost_credits_above_threshold": 0.0,
 "total_registry_costs": 146100.001,
 "CARG_exponent": 0.02040816326530612,
 "total_project_costs_undisc": 349644.9973095466,
 "ending_value_discounted": 496395.8910468818,
 "total_project_costs_disc": 309380.2851863761,
 "rate_of_return": 16.97931970310852,
 "CARG": 76.07300783045758,
 "gross_present_value": 72050.89373733517,
 "net_present_value": -237329.3914490409,
 "profit_per_credit": -237.3293914490409,
 "profit_per_hectare_per_year": -4746.587828980818,
 "profitable": "No"
}
