{
 "exponent_year": 49,
 "calendar_year_end": 2072,
 "real_interest_rate": 0.0024999999999999988,
 "credits_generated": 200.0,
 "cost_per_credit": 1491.324986547733,
 "beginning_value": 298264.9973095466,
 "ending_value_undisc": 112200.0,
 "carbon_investment_cost_per_payment": 339.24166051591106,
 "carbon_investment_annual_costs": 4070.899926190933,
 "total_investment_costs": 203544.99630954664,
 "number_of_inspections": 10,
 "registry_cost_recurring": 20000.0,
 "registry_cost_per_credit": 20.0,
 "registry_cost_credits_above_threshold": 0.0,
 "total_registry_costs": 20020.001,
 "CARG_exponent": 0.02040816326530612,
 "total_project_costs_undisc": 223564.99730954663,
 "ending_value_discounted": 99279.17820937636,
 "total_project_costs_disc": 197819.51166910183,
 "rate_of_return": -66.71443880277309,
 "CARG": 260.5817128543916,
 "gross_present_value": -198985.81910017028,
 "net_present_value": -396805.3307692721,
 "profit_per_credit": -1984.0266538463607,
 "profit_per_hectare_per_year": -7936.106615385443,
 "profitable": "No"
}
