{
 "exponent_year": 49.0,
 "calendar_year_end": 2072.0,
 "real_interest_rate": 0.0024999999999999988,
 "credits_generated": 1000.0,
 "cost_per_credit": 298.3449973095466,
 "beginning_value": 298344.9973095466,
 "ending_value_undisc": 561000.0,
 "carbon_investment_cost_per_payment": 339.24166051591106,
 "carbon_investment_annual_costs": 4070.899926190933,
 "total_investment_costs": 203544.99630954664,
 "number_of_inspections": 10,
 "registry_cost_recurring": 20000.0,
 "registry_cost_per_credit": 100.0,
 "registry_cost_credits_above_threshold": 0.0,
 "total_registry_costs": 20100.001,
 "CARG_exponent": 0.02040816326530612,
 "total_project_costs_undisc": 223644.99730954663,
 "ending_value_discounted": 496395.8910468818,
 "total_project_costs_disc": 197890.29896194275,
 "rate_of_return": 66.38317904551563,
 "CARG": 53.87071218472109,
 "gross_present_value": 198050.89373733517,
 "net_present_value": 160.59477539241198,
 "profit_per_credit": 0.160594775392412,
 "profit_per_hectare_per_year": 3.2118955078482396,
 "profitable": "Yes"
}
