{
 "exponent_year": 9.0,
 "calendar_year_end": 2032.0,
 "real_interest_rate": 0.0024999999999999988,
 "credits_generated": 200.0,
 "cost_per_credit": 994.9856443015367,
 "beginning_value": 198997.12886030733,
 "ending_value_undisc": 112200.0,
 "carbon_investment_cost_per_payment": 792.3093988358943,
 "carbon_investment_annual_costs": 9507.712786030732,
 "total_investment_costs": 95077.12786030732,
 "number_of_inspections": 2,
 "registry_cost_recurring": 29200.0,
 "registry_cost_per_credit": 20.0,
 "registry_cost_credits_above_threshold": 0.0,
 "total_registry_costs": 29220.001,
 "CARG_exponent": 0.1111111111111111,
 "total_project_costs_undisc": 124297.12886030732,
 "ending_value_discounted": 109706.76913984735,
 "total_project_costs_disc": 121535.08396277712,
 "rate_of_return": -44.87017487731711,
 "CARG": 166.41923229143592,
 "gross_present_value": -89290.35972045998,
 "net_present_value": -210825.4436832371,
 "profit_per_credit": -1054.1272184161855,
 "profit_per_hectare_per_year": -21082.54436832371,
 "profitable": "No"
}
