{
 "prof_p_cred": -26361.22787425187,
 "prof_p_hect_p_yr": -527224.5574850374,
 "profitable": "No",
 "net_pres_val": -26361227.87425187,
 "cred_generated": 1000,
 "gen_cost_p_cred": 14284.344996309546,
 "cred_p_hect_p_yr": 20,
 "price_p_cred": 561
}
