{
 "prof_p_cred": 416.3958910468818,
 "prof_p_hect_p_yr": 3747.5630194219357,
 "profitable": "Yes",
 "net_pres_val": 749512.6038843872,
 "cred_generated": 1800.0,
 "gen_cost_p_cred": 80.0,
 "cred_p_hect_p_yr": 9.0,
 "price_p_cred": 561.0
}
