{
 "Profit per Credit": 0.1605966602335684,
 "Profit per Hectare per Year": 3.211933204671368,
 "Profitable": "Yes",
 "Net Present Value": 160.5966602335684,
 "Credits Generated": 1000,
 "Generation Cost per Credit": 298.3449963095466,
 "Credits per Hectare per Year": 20,
 "Price per Credit": 561
}
